{"position":{"x":-20.040184243964394,"y":-34.560536626916594},"rotation":{"x":0,"y":0}}